,id,article_title,article_language,journal_title,jounral_abbreviation,journal_issn,article_jvolumn,article_jissue,article_jcreated_at,article_pagination,author_list
0,0,0,0,0,0,0035-9157 (Print) 0035-9157,0,0,0,0,"{""A. G. Parks"",""J. F. McPartlin""}"
1,0,0,0,0,0,1537-6613,0,0,0,0,"{""Valentina A Volchkova"",""Jaroslav Vorac"",""Philip Lawrence"",""Laurie Repiquet-Paire"",""Viktor E Volchkov""}"
2,0,0,0,0,0,0,0,0,0,0,"{""Jitendra Jethani"",""Shashikant Shetty"",""Sucheta Parija"",""P Vijayalakshmi""}"
3,0,0,0,0,0,0,0,0,0,"714-9 ST  - [Noninvasive prenatal diagnosis of trisomy 21, 18 and 13 using cell-free fetal DNA]-","{""G. Jakiel"",""K. Gorzelnik"",""J. G. Zimowski"",""T. CN  - PubMed DA  - Aug DP  - NLM ET  - 2013/11/07 Roszkowski"",""J. Bijok""}"
4,0,0,0,0,0,0,0,0,0,0,0
5,0,0,0,0,0,0,0,0,0,0,0
6,0,0,0,0,British medical bulletin,0,0,0,0,0,0
7,0,0,English; ABSTRACT LANGUAGE:English,0,0,0,0,0,0,0,0
8,0,0,0,0,0,0,0,0,0,0,0
9,0,0,0,0,0,0,0,0,0,0,0
10,0,0,0,0,0,0,0,0,0,0,0
11,0,0,0,0,0,0,0,0,0,0,0
12,0,0,0,0,Acta obstetricia et gynecologica Scandinavica,0001-6349 (Print) 0001-6349,0,0,0,0,0
13,0,0,0,0,0,0,0,0,0,S40,0
14,0,0,0,0,0,0,0,0,0,0,0
15,0,0,0,British Journal of Dermatology.,0,0,0,0,0,0,0
16,0,0,0,0,0,0,0,0,0,0,0
17,0,0,0,0,0,0,0,0,0,Cd004797,0
18,0,0,0,0,0,0,0,0,0,0,0
19,0,0,0,0,0,0,0,0,0,0,0
20,0,0,0,0,0,0,0,0,0,0,0
21,0,0,0,0,0,0,0,0,0,512-9 ST  - A performance improvement process to tackle tachysystole-,"{""V. E. CN  - medline DA  - Sep-Oct DB  - MEDLINE DO  - http://dx.doi.org/10.1111/j.1552-6909.2011.01275.x DP  - Ovid Technologies von Gruenigen"",""A. M. Burkett"",""J. Doyle"",""T. H. Kenny""}"
22,0,0,0,0,0,0,0,0,0,0,0
23,0,0,0,0,0,0,0,0,5/20/09,0,0
24,0,0,0,0,0,0,0,0,0,0,0
25,0,0,0,0,0,0,0,0,0,0,0
26,0,0,0,0,0,0,0,0,0,0,0
27,0,0,0,0,0,0,0,0,0,0,0
28,0,0,0,0,PloS one,0,0,0,0,e75079,0
29,0,0,0,0,0,15265161 (ISSN),0,0,0,W1-W4,0
30,0,0,0,0,0,0,0,0,0,0,0
31,0,0,0,0,0,0,0,0,0,0,0
32,0,0,0,0,0,0,0,0,0,0,0
33,0,0,0,0,0,0,0,0,0,0,0
34,0,0,0,0,0,0,0,0,0,0,0
35,0,0,0,0,0,1745-0128 1745-0136,0,0,0,0,0
36,0,0,0,0,Respiration,0,0,0,0,0,0
37,0,0,0,0,0,0,0,0,0,316-26; discussion 326-7,0
38,0,0,0,0,0,0,0,0,0,0,0
39,0,0,0,0,0,0,0,0,0,0,0
40,0,0,0,0,0,0,0,0,0,S398,0
41,0,0,0,0,0,0,0,0,0,0,0
42,0,0,0,0,0,0,0,0,0,0,0
43,0,0,0,0,0,0,0,0,0,0,0
44,0,0,0,0,0,0,0,0,0,0,0
45,0,0,0,0,0,0,0,0,0,0,0
46,0,0,0,0,0,0,0,0,0,0,0
47,0,0,0,0,0,0,0,0,0,0,0
48,0,0,0,0,0,0,0,0,0,0,0
49,0,0,0,0,0,0,0,0,0,viii284,0
50,0,0,0,0,0,0,0,0,0,0,0
51,0,0,English; ABSTRACT LANGUAGE:English,0,0,0,0,0,0,0,0
52,0,0,0,0,0,0,0,0,0,0,0
53,0,0,0,0,0,0,0,0,0,0,0
54,0,0,0,0,0,0,0,0,0,0,0
55,0,0,0,0,0,0,0,0,0,0,0
56,0,0,0,0,0,0,0,0,0,0,0
57,0,0,0,0,0,0,0,0,0,0,0
58,0,0,0,0,0,0-8077-4913-3,0,0,0,0,0
59,0,0,0,0,0,0,0,0,0,0,0
60,0,0,0,0,0,0,0,0,0,0,0
61,0,0,0,0,0,0,0,0,0,0,0
62,0,0,0,0,0,-7977,0,0,0,0,0
63,0,0,0,0,0,0,0,0,0,0,0
64,0,0,0,0,0,0,0,0,0,0,0
65,0,0,0,0,0,0,0,0,0,0,0
66,0,0,0,0,0,0,0,0,0,0,0
67,0,0,0,0,0,0,0,0,0,0,0
68,0,0,0,0,0,0,0,0,0,0,0
69,0,0,0,0,0,0,0,0,0,0,0
70,0,0,0,0,0,0,0,0,0,0,0
71,0,0,0,0,0,0,0,0,0,0,0
72,0,0,0,0,0,0,0,0,0,0,0
73,0,0,0,0,0,0,0,0,0,0,0
74,0,0,0,0,0,0,0,0,0,0,0
75,0,0,0,0,0,0,0,0,0,0,0
76,0,0,0,0,0,0,0,0,0,0,0
77,0,0,0,0,0,0,0,0,0,0,0
78,0,0,0,0,0,0,0,0,0,0,0
79,0,0,0,0,0,0,0,0,0,0,0
80,0,0,0,0,0,0961-5423 (Print) 0961-5423,0,0,0,0,0
81,0,0,0,0,0,0,0,0,0,0,0
82,0,0,0,0,0,"1553-9318, 1553-9318",0,0,0,0,0
83,0,0,engspa,Actas urologicas espanolas,0,0,0,0,0,0,0
84,0,0,eng     por,0,0,0,0,0,0,0,0
85,0,0,0,0,0,0,0,0,0,0,0
86,0,0,0,0,0,0,0,0,0,0,0
87,0,0,0,0,0,0,0,0,0,0,0
88,0,0,0,0,0,0,0,0,0,10-May,0
89,0,0,0,0,Rev.Neurol.,0,0,0,0,0,0
90,0,0,0,0,0,0,0,0,0,0,0
91,0,0,0,0,0,0,0,0,0,0,0
92,0,0,0,0,0,0,0,0,0,0,0
93,0,0,0,0,0,1540-7314 0148-8376,0,0,0,0,0
94,0,0,0,0,0,0,0,0,0,0,0
95,0,0,0,0,0,0,0,0,0,0,0
96,0,0,0,0,0,0,0,0,0,0,0
97,0,0,0,0,0,0,0,0,0,0,0
98,0,0,0,0,0,0,0,0,0,0,0
99,0,0,0,0,0,0,0,0,0,0,0
100,0,0,0,0,0,0,0,0,0,0,0
101,0,0,0,0,0,0,0,0,0,0,0
102,0,0,0,0,0,0,0,0,0,0,0
103,0,0,0,0,Fertil. Steril.,0,0,0,0,0,0
104,0,0,0,0,0,0,0,0,0,0,0
105,0,0,0,0,0,0,0,0,0,0,0
106,0,0,0,0,0,0,0,0,0,0,0
107,0,0,0,0,0,0,0,0,0,0,0
108,0,0,0,0,0,0,0,0,0,0,0
109,0,0,0,0,0,0,0,0,0,CD001047,0
110,0,0,0,0,0,0,0,0,0,0,0
111,0,0,0,0,0,0,0,0,0,0,0
112,0,0,0,0,0,0,0,0,0,8-16 ST  - Cardiac atrophy in women following bed rest-,"{""J. L. Hastings"",""G. Biolo"",""B. D. Levine"",""T. Tillery"",""R. M. Peshock"",""T. A. Dorfman"",""B. R. Macias"",""A. R. DA  - Jul DO  - 10.1152/japplphysiol.01162.2006 DP  - NLM ET  - 2007/03/24 Hargens"",""S. M. Schneider""}"
113,0,Patent abstractsnull,0,0,0,0,0,0,0,0,0
114,0,0,0,0,0,0,0,0,0,0,0
115,0,0,0,0,0,0,0,0,0,0,0
116,0,0,0,0,0,0,0,0,0,0,0
117,0,0,0,0,0,0,0,0,0,0,"{""Denys T. Lau"",""Brass Buchanan Deandrea Glaser Guest Hodgson Huerta Lau Lau Miles Miller Parker-Oliver Raina Teno Weller Bostick"",""Celia Berdes"",""Jonathan Masin-Peters"",""Megan Ong""}"
118,0,0,0,0,0,2115-7863(Electronic);2115-8789(Print),0,0,0,0,0
119,0,0,0,0,0,0,0,0,0,0,0
120,0,0,0,0,0,0,0,0,0,0,0
121,0,0,0,0,0,0,0,0,0,0,0
122,0,0,0,BMC public Health,0,0,0,0,0,0,0
123,0,0,0,0,0,0,0,0,0,0,0
124,0,0,0,0,International journal of gynecological cancer : official journal of the International Gynecological Cancer Society,1048-891X (Print)     1048-891x,0,0,0,0,0
125,0,0,0,0,0,0,0,0,0,0,0
126,0,0,0,0,0,0,0,0,0,0,0
127,0,0,0,0,0,0,0,0,0,0,0
128,0,0,0,Scientific Session and Scientiftc Poster Abstracts,0,0,0,0,0,0,0
129,0,0,0,0,0,-7518,0,0,0,0,0
130,0,0,0,0,0,0,0,0,0,1182-7,0
131,0,0,0,0,0,Feb-37,0,0,0,0,0
132,0,0,0,0,0,0,0,0,0,0,0
133,0,0,0,0,0,0,0,0,0,0,0
134,0,0,0,0,0,0,0,0,0,0,0
135,0,0,0,0,0,1079-5006,0,0,0,B570-9,0
136,0,0,0,0,0,0,0,0,0,0,0
137,0,0,0,0,0,0,0,0,0,0,0
138,0,0,0,0,0,0,0,0,0,327-32,0
139,0,0,0,0,0,0,0,0,0,384-6 ST  - Proximal migration of a 5 French pancreatic stent during bile stone extraction: a successful retrieval using mini-snare-,"{""J. DA  - May-Jun DO  - 10.4103/1119-3077.130253 DP  - NLM ET  - 2014/04/10 Wu"",""Q. Zhao"",""Y. Fan"",""Y. S. Liao""}"
140,0,0,0,0,0,0,0,0,0,0,0
141,0,0,0,0,0,0,0,0,0,"1261-9 ST  - Multicenter, randomized, placebo-controlled trial of amitriptyline in children with functional gastrointestinal disorders-",0
142,0,0,0,0,0,0,0,0,0,0,0
143,0,0,0,0,0,0266-7681 (Print) 0266-7681,0,0,0,0,0
144,0,0,0,0,0,0,0,0,0,0,0
145,0,0,"Chinese     Chinese, English",0,0,0,0,0,0,0,0
146,0,0,0,0,0,0,0,0,0,0,0
147,0,0,0,0,0,0,0,0,0,6-Oct,0
148,0,0,0,0,0,0,0,0,0,0,0
149,0,0,0,0,0,0,0,0,0,0,0
150,0,0,0,0,0,0,0,0,0,0,0
151,0,0,0,0,0,0,0,0,0,0,0
152,0,0,0,0,0,0,0,0,0,1241; author reply 1241,0
153,0,0,0,0,0,0,0,0,0,0,0
154,0,0,0,0,0,00913960 (ISSN),0,0,0,0,0
155,0,0,0,0,0,0,0,0,0,0,0
156,0,0,0,0,0,0,0,0,0,0,0
157,0,0,0,0,CNS Spectr,0,0,0,0,0,0
158,0,0,0,0,0,0,0,0,0,0,0
159,0,0,0,0,0,0,0,0,0,0,0
160,0,0,0,0,0,0,0,0,0,0,0
161,0,"Cyclin d1 gene expression in oral mucosa of tobacco chewers""-an immunohistochemical study.",0,0,0,0,0,0,0,ZC70-5,0
162,0,0,0,0,0,0,0,0,0,0,0
163,0,0,0,0,0,0,0,0,0,551-561 ST  - Scar Management Practice and Science: A Comprehensive Approach to Controlling Scar Tissue and Avoiding Hypertrophic Scarring.... Reprinted and adapted with permission from Wound Healing South Africa and Medpharm. Widgerow AD. Scar management,0
164,0,0,0,0,0,0,0,0,0,0,0
165,0,0,0,0,0,0,0,0,0,0,0
166,0,0,0,0,0,0,0,0,0,0,0
167,0,0,0,0,0,0,0,0,0,0,0
168,0,0,0,0,0,0,0,0,0,0,0
169,0,0,0,0,0,0,0,0,0,0,0
170,0,0,0,0,0,0,0,0,0,0,0
171,0,0,0,0,0,0,0,0,0,0,0
172,0,0,0,0,0,0,0,0,0,0,0
173,0,0,0,0,0,0,0,0,0,0,0
174,0,0,English; ABSTRACT LANGUAGE:English,0,0,0,0,0,0,0,0
175,0,0,0,0,Ann. N. Y. Acad. Sci.,0,0,0,0,0,0
176,0,0,0,0,0,0,0,0,0,87-95; discussion 95-6,0
177,0,0,0,0,0,0,0,0,0,0,0
178,0,0,0,0,0,0,0,0,0,0,0
179,0,0,0,0,0,0,0,0,0,e1327-9,0
180,0,0,0,0,0,0390-6078,0,0,0,19th Congress of the European Hematology Association Milan Italy. Conference Start: 20140612 Conference End: 20140615. Conference Publication: (var.pagings). 99 (pp 233),0
181,0,0,0,0,0,0,0,0,0,0,0
182,0,0,0,0,0,0,0,0,0,0,0
183,0,0,0,0,0,0,0,0,0,0,0
184,0,0,0,0,0,0,0,0,0,0,0
185,0,0,0,0,0,0,0,0,0,0,0
186,0,0,0,0,0,0,0,0,0,0,0
187,0,0,0,0,0,0,0,0,0,0,0
188,0,0,0,0,0,0,0,0,0,0,0
189,0,0,0,0,0,0033-8389 DO  - http://dx.doi.org/10.1016/j.rcl.2010.07.015,0,0,0,449-+,0
190,0,0,0,0,0,0,0,0,0,0,0
191,0,0,0,0,0,0,0,0,0,0,0
192,0,0,0,0,0,0,0,0,0,0,0
193,0,0,0,0,0,0,0,0,0,0,0
194,0,0,0,0,0,14402440,0,0,0,0,0
195,0,0,0,0,0,0,0,0,0,"633-58 ST  - Prebiotics, immune function, infection and inflammation: a review of the evidence-",0
196,0,0,0,0,0,0,0,0,0,0,0
197,0,0,0,0,0,0,0,0,0,0,0
198,0,0,0,0,0,0,0,0,0,0,0
199,0,0,0,0,0,0,0,0,0,0,0
200,0,0,0,0,0,0,0,0,0,0,0
201,0,The Impact of Read Right: Semester-Only versus Year-Long Inplementation,0,0,0,978-1-2673-2110-7,0,0,0,0,0
202,0,0,0,0,0,0,0,0,0,0,0
203,0,0,0,0,0,0,0,0,0,0,0
204,0,0,0,0,0,0,0,0,0,0,0
205,0,0,0,0,0,0,0,0,0,0,0
206,0,0,0,0,0,0,0,0,0,0,0
207,0,0,0,0,0,0,0,0,0,0,0
208,0,0,0,0,0,0,0,0,0,0,0
209,0,0,0,0,0,0,0,0,0,0,0
210,0,0,0,0,0,0,0,0,0,0,0
211,0,0,0,0,0,0,0,0,0,0,0
212,0,0,0,0,0,0,0,0,0,0,0
213,0,American palm ethnomedicine: a meta-analysis..,0,0,0,0,0,0,0,0,0
214,0,0,0,0,0,0,0,0,0,0,0
215,0,0,0,0,0,0,0,0,0,0,0
216,0,0,0,0,0,0,0,0,0,0,0
217,0,0,0,0,0,0,0,0,0,0,0
218,0,0,0,0,0,0,0,0,0,0,"{""D. Buzducea"",""Buzducea Cohen Johnson Lazar Lazar Lejars Lyon Marin McDowell Mardarescu O'Leary Paxton Wood Berger"",""F. Lazar"",""E. I. Mardare""}"
219,0,0,0,0,0,0,0,0,0,0,0
220,0,0,0,0,0,0,0,0,0,0,0
221,0,0,0,0,0,0,0,0,0,0,0
222,0,0,0,0,0,0,0,0,0,291S-297S,0
223,0,0,0,0,0,0,0,0,0,S29-36,0
224,0,0,0,0,0,0,0,0,0,0,0
225,0,0,0,0,0,0,0,0,0,0,0
226,0,0,0,0,0,0,0,0,0,0,0
227,0,0,0,0,0,0,0,0,0,0,0
228,0,0,0,0,0,0,0,0,0,0,0
229,0,0,0,0,0,0,0,0,0,0,0
230,0,0,0,0,0,87567555,0,0,0,0,0
231,0,0,0,0,0,0,0,0,0,0,0
232,0,0,0,0,0,0,0,0,0,0,0
233,0,0,0,0,0,0002-9378 (Print) 0002-9378,0,0,0,425.e1-6,0
234,0,0,0,0,0,1466-187X,0,0,0,e867-98,0
235,0,0,0,0,0,Jan-47,0,0,0,0,0
236,0,0,0,0,0,0,0,0,0,0,0
237,0,0,0,0,0,0,0,0,0,0,0
238,0,0,0,0,0,0,0,0,0,0,0
239,0,0,0,0,0,0,0,0,0,0,0
240,0,0,0,0,0,0,0,0,0,0,0
241,0,0,0,0,0,0,0,0,0,0,0
242,0,0,0,0,0,0,0,0,0,0,0
243,0,0,0,0,0,0,0,0,0,eS502-eS503,0
244,0,0,0,0,Public Health Genomics,0,0,0,0,0,0
245,0,0,0,0,0,0,0,0,0,e249-,0
246,0,0,0,0,0,0,0,0,0,0,0
247,0,0,ENGPOR,0,0,0,0,0,0,0,0
248,0,0,0,0,Gene,0,0,0,0,0,0
249,0,0,0,0,0,0,0,0,0,0,0
250,0,0,0,0,0,0,0,0,0,245-8,0
251,0,0,0,0,0,0,0,0,0,415-422 8p,0
252,0,0,0,0,0,0,0,0,0,0,"{""Address Correspondence"",""S. Karimifard"",""Addresses Author"",""ahmadian@sina.tums.ac.ir "",""Tehran Medical Physics"",""Tehran Medical Physics"",""Department of Biomedical Systems S. Karimifard"",""Tums Tehran Iran Email University of Medical Sciences"",""A. Ahmadian"",""Tums Tehran Iran University of Medical Sciences"",""Systems Department of Biomedical""}"
253,0,0,0,0,0,0,0,0,0,0,0
254,0,0,0,0,0,0,0,0,0,0,0
255,0,0,0,0,0,0,0,0,0,0,0
256,0,0,0,0,0,0,0,0,0,0,0
257,0,0,0,0,0,0,0,0,0,0,0
258,0,0,0,0,0,0,0,0,0,0,0
259,0,0,0,0,0,0,0,0,0,0,0
260,0,0,0,0,0,0361-073X     1096-4657,0,0,0,431-446 16p,0
261,0,0,0,0,0,0,0,0,0,0,0
262,0,0,0,0,0,0,0,0,0,774-9,0
263,0,0,0,0,0,0,0,0,0,0,0
264,0,0,0,0,0,0,0,0,0,0,0
265,0,0,0,0,0,0,0,0,0,0,0
266,0,0,0,0,0,0003-990X,0,0,0,0,0
267,0,0,0,0,0,0,0,0,0,0,0
268,0,0,0,0,0,1569-9285,0,0,0,0,0
269,0,"The effect of a cervical lateral glide on the upper limb neurodynamic test: a blinded, placebo-controlled investigation",0,0,0,0,0,0,0,10-Oct,0
270,0,0,0,0,0,-10475,0,0,0,0,0
271,0,0,0,0,0,0,0,0,0,0,0
272,0,0,0,0,0,0007-1250 1472-1465,0,0,0,0,0
273,0,0,0,0,0,0,0,0,0,0,0
274,0,0,0,0,0,-8906,0,0,0,0,0
275,0,0,0,0,0,0,0,0,0,0,0
276,0,0,0,0,0,0,0,0,0,0,0
277,0,0,0,0,0,0,0,0,0,0,0
278,0,0,0,0,0,0,0,0,0,0,0
279,0,0,0,0,0,978-1-4503-3459-4,0,0,0,0,0
280,0,0,0,0,0,0,0,0,0,0,0
281,0,0,0,0,0,0,0,0,0,0,0
282,0,0,0,0,0,0,0,0,0,0,0
283,0,0,0,0,0,0,0,0,0,37-41 DO  - 10.1080/10810730902805788,0
284,0,0,0,0,0,0,0,0,0,0,0
285,0,0,0,0,0,0,0,0,0,27-32 ST  - Wound care-,0
286,0,0,0,0,0,0,0,0,0,0,0
287,0,0,0,0,0,0,0,0,0,0,0
288,0,0,0,0,PloS one,0,0,0,0,0,0
289,0,0,0,0,0,0,0,0,0,0,0
290,0,0,0,0,0,0,0,0,0,0,0
291,0,0,0,0,0,0,0,0,0,0,0
292,0,0,0,0,0,0,0,0,0,0,0
293,0,0,0,0,0,0,0,0,0,0,0
294,0,0,0,0,0,1573-3955     1875-631X,0,0,0,0,0
295,0,0,0,0,0,0,0,0,0,2777-85,0
296,0,0,0,0,0,0,0,0,0,0,0
297,0,0,0,0,0,0,0,0,0,0,0
298,0,0,0,0,0,0,0,0,0,0,0
299,0,0,0,0,0,0,0,0,0,0,0
300,0,0,0,0,0,0,0,0,0,0,0
301,0,0,0,0,0,0,0,0,0,0,0
302,0,0,0,0,0,0949-2658 (Print) 0949-2658,0,0,0,0,0
303,0,0,0,0,0,0,0,0,0,0,0
304,0,0,0,0,0,0048-7848 (Print) 0048-7848,0,0,0,0,0
305,0,0,0,0,0,0030-1876 (Print) 0030-1876,0,0,0,327-32,0
306,0,0,0,0,0,0,0,0,0,0,0
307,0,0,0,0,0,0,0,0,0,0,0
308,0,0,0,0,0,0,0,0,0,0,0
309,0,0,0,0,0,0,0,0,0,0,0
310,0,0,0,0,0,0,0,0,0,0,0
311,0,0,0,0,0,0,0,0,0,0,0
312,0,0,0,0,0,0,0,0,0,0,0
313,0,0,0,0,0,0,0,0,0,0,0
314,0,0,0,0,0,0,0,0,0,544-7 ST  - Recurrent distal 16q duplication and terminal 22q deletion: prenatal diagnosis and genetic counseling-,"{""D. D. Town"",""C. P. Chen"",""Y. N. Su"",""W. CN  - PubMed DA  - Dec DO  - 10.1016/s1028-4559(10)60117-9 DP  - NLM ET  - 2011/01/05 Wang"",""C. W. Pan"",""C. C. Lee"",""F. J. Tsai"",""P. C. Wu"",""M. C. Huang""}"
315,0,0,0,0,0,0,0,0,0,0,0
316,0,0,0,0,0,0,0,0,0,0,0
317,0,0,0,0,0,0,0,0,0,0,0
318,0,0,0,0,0,0,0,0,0,0,0
319,0,0,0,0,0,0,0,0,0,0,0
320,0,0,0,0,0,420980,0,0,0,2049,0
321,0,0,0,0,0,0,0,0,0,0,0
322,0,0,0,0,0,0,0,0,0,196-203,0
323,0,0,0,0,0,0,0,0,0,0,0
324,0,0,0,0,0,0,0,0,0,0,0
325,0,0,0,0,0,0,0,0,0,0,0
326,0,0,0,0,0,0,0,0,0,0,0
327,0,0,0,0,0,0,0,0,0,0,0
328,0,0,0,0,0,0,0,0,0,237-48,0
329,0,0,0,0,0,0,0,0,0,0,0
330,0,0,0,0,0,0,0,0,0,26-Jan,0
331,0,0,0,0,0,0,0,0,0,0,0
332,0,0,0,0,0,0,0,0,0,0,0
333,0,0,0,0,0,0,0,0,0,"392-7 ST  - [Dinggui Oil Capsule in treating irritable bowel syndrome with stagnation of qi and cold: a prospective, multi-center, randomized, placebo-controlled, double-blind trial]-",0
334,0,0,0,0,0,0,0,0,0,0,0
335,0,0,0,0,0,0,0,0,0,0,0
336,0,0,0,0,0,0,0,0,0,0,0
337,0,0,0,0,0,NCT00227591/ClinicalTrials.gov NCT00509899/ClinicalTrials.gov NCT00599547/ClinicalTrials.gov NCT00631462/ClinicalTrials.gov NCT00934544/ClinicalTrials.gov NCT00952289/ClinicalTrials.gov NCT01420770/ClinicalTrials.gov NCT01437787/ClinicalTrials.gov,0,0,0,0,0
338,0,0,0,0,0,0,0,0,0,0,0
339,0,0,0,0,0,0,0,0,0,0,0
340,0,0,0,0,0,0,0,0,0,0,0
341,0,0,0,0,0,0065-1419 (Print)     0065-1419,0,0,0,0,0
342,0,0,0,0,0,0,0,0,0,0,0
343,0,0,0,0,0,0,0,0,0,0,0
344,0,0,0,0,0,0,0,0,0,0,0
345,0,0,0,0,0,0,0,0,0,0,0
346,0,0,0,0,0,0,0,0,0,0,0
347,0,0,0,0,0,0,0,0,0,233-43; discussion 243,0
348,0,0,0,0,0,0,0,0,0,0,0
349,0,0,0,0,0,0,0,0,0,0,0
350,0,0,0,0,0,0,0,0,0,0,0
351,0,0,0,0,0,0,0,0,0,0,0
352,0,0,0,0,0,0,0,0,0,0,0
353,0,0,0,0,0,0,0,0,0,0,0
354,0,0,0,0,0,0,0,0,0,0,0
355,0,0,0,0,0,0,0,0,0,0,0
356,0,0,0,0,0,0,0,0,0,0,0
357,0,0,0,0,0,0,0,0,0,0,0
358,0,0,0,0,0,0,0,0,0,0,0
359,0,0,0,0,0,-4928,0,0,0,0,0
360,0,0,0,0,0,0,0,0,0,0,0
361,0,0,0,0,0,0,0,0,0,0,0
362,0,0,0,0,0,0,0,0,0,0,0
363,0,0,0,0,0,0,0,0,0,0,0
364,0,0,0,0,0,0,0,0,0,0,0
365,0,0,0,0,0,0,0,0,0,0,0
366,0,0,0,0,0,0,0,0,0,0,0
367,0,0,0,0,0,0,0,0,0,0,0
368,0,0,0,0,0,0,0,0,0,0,0
369,0,0,0,0,0,0,0,0,0,0,0
370,0,0,0,0,0,0,0,0,0,0,0
371,0,0,0,0,0,0,0,0,0,0,0
372,0,0,0,0,0,0,0,0,0,0,0
373,0,0,0,0,0,0,0,0,0,e92590,0
374,0,0,0,0,0,0,0,0,0,0,0
375,0,0,0,0,0,0,0,0,0,0,0
376,0,0,0,0,0,0,0,0,0,0,0
377,0,0,0,0,PloS one,0,0,0,0,e50836,0
378,0,0,0,0,0,0098-4108 (Print)     0098-4108 (Linking),0,0,0,9-Jan,0
379,0,0,0,0,0,0,0,0,0,0,0
380,0,0,0,0,0,0,0,0,0,0,0
381,0,0,0,0,0,0,0,0,0,0,0
382,0,0,0,0,0,0,0,0,0,0,0
383,0,0,0,0,0,0,0,0,0,0,0
384,0,0,0,0,0,0,0,0,0,0,0
385,0,0,0,0,0,0,0,0,0,0,0
386,0,0,0,0,0,0,0,0,0,0,0
387,0,0,0,0,0,0,0,0,0,239-244 6p,0
388,0,0,0,0,0,0,0,0,0,0,0
389,0,0,0,0,0,0,0,0,0,0,0
390,0,0,0,0,0,0,0,0,0,0,0
391,0,0,0,0,Am.J.Epidemiol.,Feb-62,0,0,0,0,0
392,0,0,0,0,Cir Pediatr,0,0,0,0,0,0
393,0,0,0,0,0,0,0,0,0,0,0
394,0,0,0,0,0,0,0,0,0,0,0
395,0,0,0,0,0,0,0,0,0,0,0
396,0,0,0,0,0,0,0,0,0,0,0
397,0,0,0,0,0,0,0,0,0,0,0
398,0,0,0,Int. J.  Pharmcy Pharm. Sci.,0,0,0,0,0,11-Jan,0
399,0,0,0,0,0,0,0,0,0,725.e11-5,0
400,0,0,0,0,World journal for pediatric & congenital heart surgery,2150-1351 (Print)     2150-1351,0,0,0,0,0
401,0,0,0,0,Am. J. Vet. Res.,0,0,0,0,0,0
402,0,0,0,0,0,0,0,0,0,0,0
403,0,0,0,0,0,0,0,0,0,0,0
404,0,0,0,0,Clin Psychol Rev,0,0,0,0,0,0
405,0,0,0,0,0,0,0,0,0,0,0
406,0,0,0,0,0,0,0,0,0,231-5-,0
407,0,0,0,0,0,0,0,0,0,0,0
408,0,0,0,0,0,0,0,0,0,30-33 ST  - No need for routine closed suction drainage in elective arthroplasty of the hip: a prospective randomized trial in 104 operations-,"{""A. G. Della Valle"",""M. Buttaro"",""G. Slullitel"",""R. Vestri"",""F. Comba"",""F. CN  - CINAHL_postop_care_150220 DB  - c8h DP  - EBSCOhost Piccaluga""}"
409,0,0,0,0,0,0,0,0,0,0,0
410,0,0,0,0,0,0,0,0,0,184-9 ST  - Continuation of metformin reduces early pregnancy loss in obese Pakistani women with polycystic ovarian syndrome-,0
411,0,0,0,0,0,"1051-1970, 1051-1970",0,0,0,15-Jan,0
412,0,0,0,0,0,0,0,0,0,0,0
413,0,0,0,0,0,0,0,0,0,1164-1173 DO  - 10.1002/cncr.11174,0
414,0,0,0,0,0,0,0,0,0,0,0
415,0,0,0,0,0,0,0,0,0,0,0
416,0,0,0,0,0,0,0,0,0,0,0
417,0,0,0,0,0,0,0,0,0,0,0
418,0,0,0,0,0,0,0,0,0,0,"{""Deepika and Leibowitz Keith and Gowda Ramesh M. and Shapiro Michael and Khan Ijaz A. Misra""}"
419,0,0,0,0,0,0,0,0,0,0,0
420,0,0,0,0,0,1745-834X     1745-8358,0,0,0,0,0
421,0,0,0,0,0,0,0,0,0,0,0
422,0,0,0,0,0,0,0,0,0,0,0
423,0,0,0,0,0,0,0,0,0,0,0
424,0,0,0,0,0,0,0,0,0,0,0
425,0,0,0,0,0,0,0,0,0,0,0
426,0,0,0,0,0,0,0,0,0,0,0
427,0,0,0,0,0,0,0,0,0,0,0
428,0,THE BRITISH MEDICAL ASSOCIATION.: SEVENTY-EIGHTH ANNUAL MEETING IN LONDON,0,0,0,0,0,0,0,0,0
429,0,0,0,0,0,0,0,0,0,0,0
430,0,0,0,0,0,0,0,0,0,5-Feb,0
431,0,0,0,0,0,0,0,0,0,0,0
432,0,0,0,0,0,0,0,0,0,0,0
433,0,0,0,0,0,0,0,0,0,w13728,0
434,0,0,0,0,0,Feb-65,0,0,0,0,0
435,0,0,0,0,0,0,0,0,0,"2562-9 ST  - Randomized, double-blind, placebo-controlled trial of the 5-HT1A receptor antagonist AZD7371 tartrate monohydrate (robalzotan tartrate monohydrate) in patients with irritable bowel syndrome-",0
436,0,0,0,0,0,0,0,0,0,0,0
437,0,0,0,0,0,0,0,0,0,0,0
438,0,0,0,0,0,0,0,0,0,0,0
439,0,0,0,0,0,0,0,0,0,0,0
440,0,0,0,0,0,0,0,0,0,0,"{""Ahmad A.S.""}"
441,0,0,0,0,0,0,0,0,0,0,0
442,0,0,0,0,0,0,0,0,0,0,0
443,0,0,0,0,0,0,0,0,0,0,"{""A. Stumpo"",""G. Palmieri"",""M. F. Pantusa"",""M. Marasco"",""V. Fuoco""}"
444,0,0,0,0,0,0,0,0,0,3-Mar,0
445,0,0,0,0,0,0,0,0,0,0,0
446,0,0,0,0,0,0,0,0,0,0,0
447,0,0,0,0,0,0,0,0,0,0,0
448,0,0,0,0,0,0,0,0,0,0,0
449,0,0,0,0,0,0,0,0,0,0,"{""T. Welte"",""R. Busse"",""N. Jalilvand"",""C. Krauth""}"
450,0,0,0,0,0,0,0,0,0,0,0
451,0,0,0,0,Obes Rev,0,0,0,0,0,"{""A Bereket"",""Z Hochberg"",""Y Yavuz"",""H L Muller"",""R H Lustig"",""R Weiss"",""W Kiess"",""A P Goldstone""}"
452,0,0,0,0,0,0,0,0,0,0,0
453,0,0,0,0,0,0,0,0,0,0,"{""Cameron Campbell Johnson""}"
454,0,0,0,0,0,0,0,0,0,0,"{""M.B. Dikshit"",""S. Raje"",""D.S. Jaju"",""V.R. Purandare""}"
455,0,0,0,0,0,0,0,0,0,0,0
456,0,0,0,0,0,0,0,0,0,0,0
457,0,0,0,0,Int Urogynecol J,0,0,0,0,0,0
458,0,0,0,0,0,0,0,0,0,0,0
459,0,0,0,0,0,0,0,0,0,0,"{""G. E. Ayala"",""A. R. A. Anderson"",""D. Basanta"",""R. B. Lukner"",""O. E. Franco"",""S. W. Hayward"",""D. E. Cliffel"",""D. W. Strand""}"
460,0,0,0,0,Rev Lat Am Enfermagem,0,0,0,0,0,"{""Luiza Akiko Komura Hoga"",""Ana Luisa Zaniboni Gomes"",""Luciana Magnoni Reberte""}"
461,0,0,0,0,0,0,0,0,0,1074-9,0
462,0,0,0,0,0,0,0,0,0,0,"{""Makbule Gezmen-Karadag"",""Anke Oenema"",""Saskia J te Velde"",""Hilal Yildiran"",""Mai J M Chinapaw"",""Johannes Brug"",""Mine Yildirim"",""Eda Koksal"",""Saniye Bilici"",""Nilufer Acar-Tek"",""Gamze Akbulut"",""Nevin Sanlier"",""Maartje M van Stralen"",""Judith S B de Meij"",""Amika S Singh""}"
463,0,0,0,0,0,0,0,0,0,0,0
464,0,0,0,0,0,0,0,0,0,0,0
465,0,0,0,0,0,0,0,0,0,0,0
466,0,0,0,0,0,0,0,0,0,100A,0
467,0,0,0,0,0,0,0,0,0,0,0
468,0,0,0,0,0,-5514,0,0,0,0,0
469,0,0,0,0,0,0,0,0,0,0,0
470,0,0,0,0,0,0,0,0,0,0,0
471,0,0,0,0,0,0,0,0,0,0,0
472,0,0,0,0,0,0,0,0,0,0,0
473,0,0,0,0,Case Rep.Med.,0,0,0,0,0,0
474,0,0,0,0,Korean J.Anesth.,2005-7563,0,0,0,0,0
475,0,0,0,0,0,1361-6560,0,0,0,0,"{""Bin He"",""Eric C Frey""}"
476,0,0,0,0,0,1532-7361,0,0,0,0,0
477,0,0,0,0,0,0,0,0,0,0,0
478,0,0,0,0,0,1696-3547,0,0,0,0,0
479,0,0,0,0,0,1651-2006,0,0,0,0,0
480,0,0,0,0,0,0,0,0,0,0,0
481,0,0,0,0,0,0304-3959,0,0,0,0,0
482,0,0,0,0,0,1070-3004,0,0,0,119-126 8p,0
483,0,0,0,0,0,0,0,0,0,0,"{""A Street"",""C Walsh""}"
484,0,0,0,0,0,0964-4563,0,0,0,0,0
485,0,0,0,0,0,0,0,0,1/1/00,0,0
486,0,0,0,0,0,1873-1465,0,0,0,0,0
487,0,0,0,0,0,0,0,0,0,0,0
488,0,0,0,0,0,0,0,0,0,-,0
489,0,0,0,0,0,0,0,0,0,0,0
490,0,0,0,0,0,0,0,0,0,0,0
491,0,0,0,0,0,0,0,0,0,0,0
492,0,0,0,0,0,0,0,0,0,1282-9,0
493,0,0,0,0,0,0,0,0,0,193-9,0
494,0,0,0,0,Horumon To Rinsho,0,0,0,4/1/68,0,0
495,0,0,0,0,0,0,0,0,0,0,0
496,0,APPLICATION OF AGING MANAGEMENT STRATEGIES FOR REACTOR VESSEL INTERNALS AND CORE SUPPORT STRUCTURES,0,0,0,978-0-7918-4926-2,0,0,0,0,0
497,0,0,0,0,0,0,0,0,0,0,"{""B. Weber"",""A. Berger""}"
498,0,0,0,0,0,0,0,0,0,0,0
499,0,0,0,0,0,0,0,0,0,0,0
500,0,0,0,0,0,0,0,0,0,0,0
501,0,0,0,0,0,0,0,0,1/1/91,0,0
502,0,0,0,0,0,0,0,0,0,0,"{""Jennifer Davis-Berman""}"
503,0,0,0,0,0,-94325,0,0,0,0,0
504,0,0,0,0,0,0,0,0,0,0,0
505,0,0,0,0,0,0,0,0,0,0,0
506,0,0,0,0,0,0,0,0,0,0,0
507,0,[Clinical and histologic results of treatment of serous pulp inflammations with Ledermix].,0,0,0,Nov-53,0,0,1/1/67,0,0
508,0,0,0,0,0,0,0,0,0,0,0
509,0,0,0,0,0,0,0,0,0,0,"{""Yh Hsu"",""Ms Yao"",""Cs Wong"",""Ch Bai"",""My Wu"",""Yf Lin"",""Cy Hsiang"",""Kw Tam"",""Yw Li"",""Hf Hsiang""}"
510,0,0,0,0,0,0,0,0,0,55-56 2p,0
511,0,0,0,0,0,0,0,0,0,440-4,0
512,0,0,0,Bmj-British Medical Journal,0,0,0,0,0,f5001,0
513,0,0,0,0,0,0,0,0,1/1/97,0,0
514,0,0,0,0,0,-14400,0,0,0,0,0
515,0,0,0,0,0,0,0,0,0,0,0
516,0,0,0,0,0,0,0,0,0,0,0
517,0,0,0,0,0,0,0,0,0,0,0
518,0,0,0,0,0,0,0,0,0,0,0
519,0,0,0,0,0,0,0,0,0,0,0
520,0,0,engfre,0,0,0,0,0,0,0,0
521,0,0,0,0,0,0,0,0,0,0,0
522,0,0,0,0,0,0,0,0,0,CD001880,0
523,0,0,0,0,0,0,0,0,0,0,0
524,0,0,0,0,0,0,0,0,0,0,0
525,0,0,0,0,0,0,0,0,0,0,0
526,0,0,0,0,0,0,0,0,0,0,0
527,0,0,0,0,0,0,0,0,0,S136,0
528,0,0,0,0,0,0,0,0,0,0,0
529,0,0,0,0,0,0,0,0,0,0,0
530,0,0,0,0,0,0,0,0,0,0,0
531,0,0,0,0,0,0,0,0,0,0,0
532,0,0,0,0,0,0,0,0,0,0,0
533,0,0,0,0,0,0,0,0,0,0,0
534,0,0,0,0,0,0,0,0,0,0,0
535,0,0,0,0,0,0,0,0,0,0,0
536,0,0,0,0,0,0,0,0,0,0,0
537,0,0,0,0,0,0,0,0,0,0,0
538,0,0,0,0,0,0,0,0,0,0,0
539,0,0,0,0,0,0,0,0,0,0,0
540,0,0,0,0,0,0,0,0,0,0,0
541,0,0,0,0,0,0,0,0,0,0,0
542,0,0,0,0,0,0,0,0,0,0,0
543,0,0,0,0,0,1468-5833 (Electronic),0,0,0,0,0
544,0,0,0,0,0,0,0,0,0,0,0
545,0,0,0,0,0,0,0,0,0,0,0
546,0,0,0,0,0,0,0,0,0,0,0
547,0,0,0,0,0,0,0,0,0,0,"{""E. Anegekuh, L., Sun, L., Ifeachor""}"
548,0,0,0,0,0,0,0,0,0,0,0
549,0,0,0,0,0,0,0,0,0,6-Jan,0
550,0,0,0,0,0,0,0,0,0,0,0
551,0,0,0,0,0,0,0,0,0,0,0
552,0,0,0,0,0,0,0,0,0,0,0
553,0,0,0,0,0,0301-620X (Print) 0301-620x,0,0,0,0,0
554,0,0,0,0,0,0,0,0,0,0,0
555,0,0,0,0,0,0,0,0,0,0,0
556,0,0,0,0,0,0,0,0,0,0,0
557,0,0,0,0,0,0,0,0,0,0,0
558,0,0,0,0,0,0,0,0,1/1/98,0,0
559,0,0,0,0,0,0,0,0,0,0,0
560,0,0,0,0,Klin.Psikofarmakol.Bul.,0,0,0,0,0,0
561,0,0,0,0,REV ENFERMAGEM UFPE,0,0,0,0,2761-2769 9p,0
562,0,0,0,0,0,0,0,0,0,0,0
563,0,0,0,0,0,0,0,0,0,0,0
564,0,0,0,0,0,0,0,0,0,0,0
565,0,0,0,0,0,0,0,0,0,0,0
566,0,0,0,0,0,0,0,0,0,0,0
567,0,0,0,0,0,0,0,0,0,0,0
568,0,0,0,0,0,0,0,0,0,0,0
569,0,0,0,0,0,0,0,0,0,0,0
570,0,0,engpor,0,0,0,0,0,0,0,0
571,0,0,0,0,0,0,0,0,0,S131-2,0
572,0,0,0,0,0,0,0,0,0,0,0
573,0,0,0,0,0,0,0,0,0,0,0
574,0,0,0,0,0,0,0,0,0,0,0
575,0,0,0,0,0,0,0,0,0,0,0
576,0,0,0,0,0,0,0,0,0,0,0
577,0,0,0,0,0,0,0,0,0,0,0
578,0,0,0,0,0,0,0,0,0,0,0
579,0,0,0,0,0,0,0,0,0,0,0
580,0,0,0,Canadian family physician Medecin de famille canadien,0,0,0,0,0,e213-8,0
581,0,0,0,0,0,0,0,0,0,0,0
582,0,0,0,0,0,0,0,0,0,0,0
583,0,0,0,0,0,0,0,0,0,0,0
584,0,0,0,0,0,0,0,0,0,0,0
585,0,0,0,0,0,0,0,0,0,0,0
586,0,0,0,0,0,0,0,0,0,0,0
587,0,0,0,0,0,0268-0033 DO  - http://dx.doi.org/10.1016/j.clinbiomech.2015.03.009,0,0,0,0,"{""S Nadeau"",""F Malouin"",""B.J McFadyen""}"
588,0,0,0,0,0,0,0,0,0,0,0
589,0,0,0,0,0,0047-1860 (Print)     0047-1860,0,0,0,0,0
590,0,0,0,0,0,0,0,0,0,0,0
591,0,0,0,0,0,0,0,0,0,0,0
592,0,0,0,0,0,0,0,0,1/1/98,0,0
593,0,0,0,0,0,0,0,0,0,3236-42 ST  - Changes in glucose tolerance over time in women with polycystic ovary syndrome: a controlled study-,0
594,0,0,0,0,0,0,0,0,0,0,0
595,0,0,0,0,0,0949-2658 (Print) 0949-2658,0,0,0,0,0
596,0,0,0,0,0,0,0,0,0,0,0
597,0,0,0,0,0,0,0,0,0,0,0
598,0,0,0,0,0,0,0,0,0,4-47-53,0
599,0,0,0,0,0,0,0,0,0,0,0
600,0,0,0,0,0,0,0,0,0,0,0
601,0,0,0,0,0,0,0,0,0,0,0
602,0,0,0,0,Bull.WHO,0,0,0,0,0,0
603,0,0,0,0,0,0,0,0,0,0,0
604,0,0,0,0,0,0,0,0,0,0,0
605,0,0,0,0,0,0,0,0,0,0,0
606,0,0,0,0,0,0,0,0,0,0,0
607,0,0,0,0,0,0167-2789 DO  - http://dx.doi.org/10.1016/j.physd.2013.07.012,0,0,0,0,0
608,0,0,0,0,Z Erkr Atmungsorgane Folia Bronchol,0,0,0,0,0,0
609,0,0,0,0,0,0,0,0,0,0,0
610,0,0,0,0,0,0,0,0,0,0,0
611,0,0,0,0,0,0,0,0,0,0,0
612,0,0,0,0,Jama,0,0,0,0,0,0
613,0,0,0,0,0,0,0,0,0,0,0
614,0,0,0,0,0,0,0,0,0,0,0
615,0,0,0,0,0,0,0,0,0,0,0
616,0,0,0,0,0,0,0,0,0,0,0
617,0,0,0,0,0,0,0,0,0,0,0
618,0,0,0,0,Public Health Nurs,0,0,0,0,0,0
619,0,0,0,0,0,0,0,0,0,0,0
620,0,0,0,0,0,09663622 (ISSN),0,0,0,0,0
621,0,0,0,0,0,0,0,0,0,0,0
622,0,0,0,0,0,0,0,0,0,0,0
623,0,0,0,0,0,0,0,0,0,0,0
624,0,0,0,0,0,0,0,0,0,0,0
625,0,0,0,0,0,0,0,0,0,0,0
626,0,0,0,0,0,0,0,0,0,0,0
627,0,0,0,0,0,0,0,0,0,0,0
628,0,0,0,0,0,0,0,0,0,0,0
629,0,0,0,0,0,0,0,0,0,0,0
630,0,0,0,0,0,0,0,0,0,0,0
631,0,0,0,0,0,0,0,0,0,0,0
632,0,0,0,0,0,0,0,0,0,0,0
633,0,0,0,0,0,0,0,0,0,iii25-iii25,0
634,0,0,0,0,0,0,0,0,0,62928,0
635,0,0,0,0,0,0161-6412 (Print) 0161-6412,0,0,0,0,0
636,0,0,0,0,0,0,0,0,0,0,0
637,0,0,0,0,0,0,0,0,0,0,0
638,0,0,0,0,0,0,0,0,0,156-9,0
639,0,0,0,0,0,0,0,0,0,120-6 ST  - Bioavailability and tolerability of intranasal diazepam in healthy adult volunteers-,"{""Robert L. Kriel"",""Jennifer R. Riss"",""Vijay D. Ivaturi"",""James C. C2  - 19231138 DB  - MEDLINE DO  - http://dx.doi.org/10.1016/j.eplepsyres.2009.01.001 Cloyd"",""Ronald A. Siegel""}"
640,0,0,0,0,0,0,0,0,0,0,0
641,0,0,0,0,0,0,0,0,0,0,0
642,0,0,0,0,Public Health Nurs,0,0,0,0,0,0
643,0,"Letter by Raposeiras-Roubin et al regarding article, ""mortality associated with atrial fibrillation in patients with myocardial infarction: a systematic review and meta-analysis"".",0,0,0,0,0,0,0,e483; author's reply e484,0
644,0,Preferential expression of T-cell receptor V beta-chains in atopic eczema.,0,0,0,Jan-55,0,0,0,0,0
645,0,Evidence-based evaluation of therapeutic measures for amyotrophic lateral sclerosis. [Chinese],0,0,0,0,0,0,0,0,0
646,0,0,0,0,0,0,0,0,0,0,0
647,0,0,0,0,0,0,0,0,0,0,0
648,0,0,0,0,0,0,0,0,0,0,0
649,0,0,0,0,0,0,0,0,0,0,0
650,0,0,0,0,0,0,0,0,0,S67-8 1p,0
651,0,0,0,0,0,0,0,0,0,0,0
652,0,0,0,0,0,1076-6294 (Print)     1076-6294,0,0,0,0,0
653,0,0,0,Stroke; a journal of cerebral circulation,0,0,0,0,0,0,0
654,0,0,0,0,0,1949-8349 (Print)     1949-8357,0,0,0,0,0
655,0,FACTORS ASSOCIATED WITH SELF-WORTH IN YOUNG PEOPLE WITH PHYSICAL DISABILITIES,0,0,0,0,0,0,0,0,0
656,0,0,0,0,0,0,0,0,0,0,0
657,0,0,0,0,0,0,0,0,0,0,0
658,0,0,0,Stroke; a journal of cerebral circulation,0,0,0,0,0,0,0
659,0,0,0,0,0,0,0,0,0,0,0
660,0,0,0,0,0,0,0,0,0,0,0
661,0,0,0,0,0,0,0,0,0,A31,0
662,0,0,0,0,0,0,0,0,0,0,0
663,0,0,0,0,PloS one,0,0,0,0,0,0
664,0,0,0,0,0,0,0,0,0,0,0
665,0,0,0,0,0,0,0,0,0,0,0
666,0,0,"Chinese     English, Chinese",0,Chin.J.Evid.-Based Med.,0,0,0,0,0,0
667,0,0,0,0,0,0,0,0,0,0,"{""KATERINA1 BODOVSKI"",""RACHAEL3 WALSH"",""INBAL2 NAHUM-SHANI""}"
668,0,0,0,0,0,0,0,0,0,0,0
669,0,0,0,0,0,0,0,0,0,0,0
670,0,0,0,0,0,0,0,0,0,0,0
671,0,0,0,0,0,0,0,0,0,0,0
672,0,0,0,0,0,-9262,0,0,0,0,0
673,0,0,0,0,0,0,0,0,0,0,0
674,0,0,0,0,0,0,0,0,0,0,0
675,0,0,0,0,0,0,0,0,0,0,0
676,0,0,0,0,0,0,0,0,0,1704-10 ST  - Aerobic fitness testing in patients with chronic low back pain: which test is best?-,0
677,0,0,0,0,0,0,0,0,0,"262-265 ST  - Poster abstracts. The National Association of Bariatric Nurses, 4th Annual Meeting and Conference, October 24-27, 2007, North Charleston, South Carolina-",0
678,0,0,0,0,0,0,0,0,0,0,0
679,0,0,0,0,0,0,0,0,0,0,0
680,0,0,0,0,0,"0036-8148, 0036-8148",0,0,0,0,0
681,0,0,0,0,0,0,0,0,0,0,0
682,0,0,0,0,0,0,0,0,0,0,0
683,0,0,0,0,0,0,0,0,0,0,0
684,0,0,0,0,0,0,0,0,0,0,0
685,0,0,0,0,0,0,0,0,0,0,0
686,0,0,0,0,0,0,0,0,0,0,0
687,0,0,0,0,0,0021-9355 (Print),0,0,0,0,0
688,0,0,0,0,0,0,0,0,0,0,0
689,0,0,0,0,0,0,0,0,0,447-52 ST  - [Studies on cefotaxime (HR 756) concentration in human biliary tract and clinical effect for acute or subacute cholecystitis with cholelithiasis (author's transl)]-,"{""I. Hashimoto"",""S. Hirasawa"",""Y. Sawada"",""Y. Kasai"",""J. Mikami"",""H. Abe"",""M. Nakanishi"",""E. Bekki"",""K. Kasai"",""T. Nakamura"",""M. DA  - Mar DP  - NLM ET  - 1981/03/01 Omosu""}"
690,0,0,0,0,0,Sep-60,0,0,0,983-6,0
691,0,0,0,0,0,0,0,0,0,0,0
692,0,0,0,0,0,0,0,0,0,0,0
693,0,0,0,0,0,0,0,0,0,0,0
694,0,0,0,0,0,0,0,0,0,0,0
695,0,0,0,0,0,0,0,0,0,0,0
696,0,0,0,0,0,0146-4760 (Print) 0146-4760,0,0,0,0,0
697,0,0,0,0,0,0,0,0,0,0,0
698,0,0,0,0,0,0,0,0,0,0,"{""S. K. Chaturvedi"",""D. CN  - PubMed_140821 DA  - Jan DO  - 10.1097/YCO.0b013e328010ca65 DP  - NLM ET  - 2006/12/05 Bhugra""}"
699,0,0,0,0,0,0,0,0,0,1-Jan,0
700,0,0,0,0,0,0,0,0,0,0,0
701,0,0,0,0,0,0,0,0,0,0,0
702,0,0,0,0,0,0,0,0,0,0,0
703,0,0,0,0,0,0,0,0,0,0,0
704,0,0,0,0,0,0,0,0,0,0,0
705,0,0,0,0,0,0021-8987 (Print)     0021-8987,0,0,0,0,0
706,0,0,0,0,0,0,0,0,0,0,0
707,0,0,0,0,0,0,0,0,0,0,0
708,0,0,0,0,0,0,0,0,0,0,0
709,0,0,0,0,0,0,0,0,0,0,0
710,0,0,0,0,0,0,0,0,0,0,0
711,0,0,0,0,0,0,0,0,0,0,0
712,0,0,0,0,0,0,0,0,0,0,0
713,0,0,0,0,0,0,0,0,0,0,0
714,0,0,0,0,0,0,0,0,0,0,0
715,0,0,0,0,0,0,0,0,0,0,0
716,0,0,0,0,0,0,0,0,0,0,0
717,0,0,0,0,0,0,0,0,0,0,0
718,0,0,0,0,Int.J.Neurosci.,0,0,0,0,0,0
719,0,0,0,0,0,1470-0328 (Print) 1470-0328,0,0,0,13-May,0
720,0,0,0,0,0,0,0,0,0,13-21 DO  - 10.1016/j.brat.2011.10.009,0
721,0,0,0,0,0,0,0,0,0,0,0
722,0,0,0,0,0,0,0,0,0,93-99 7p,0
723,0,0,0,0,0,0,0,0,0,900-14,0
724,0,0,0,0,0,0,0,0,0,0,0
725,0,0,0,0,0,0,0,0,0,0,0
726,0,0,0,0,0,0,0,0,0,0,0
727,0,0,0,0,0,0,0,0,0,0,0
728,0,0,0,0,0,0,0,0,0,S32-47,0
729,0,0,0,0,0,"1386-4416, 1386-4416",0,0,0,0,0
730,0,0,0,0,0,0,0,0,0,0,0
731,0,0,0,0,0,0,0,0,0,0,0
732,0,0,0,0,0,0,0,0,0,0,0
733,0,0,0,0,0,0,0,0,0,0,0
734,0,0,0,0,0,0,0,0,0,0,0
735,0,0,0,0,0,0,0,0,0,0,0
736,0,0,0,0,0,0,0,0,0,0,0
737,0,0,0,0,0,0,0,0,0,0,0
738,0,0,0,0,0,0,0,0,0,0,0
739,0,0,0,0,0,0195-6701 (Print) 0195-6701,0,0,0,0,0
740,0,0,0,0,0,0,0,0,0,0,0
741,0,0,0,0,0,0,0,0,0,59-63,0
742,0,0,0,0,0,0,0,0,0,0,0
743,0,0,0,0,0,0,0,0,0,0,0
744,0,0,0,0,0,0301-5149,0,0,0,0,0
745,0,0,0,0,0,0,0,0,0,0,"{""N. Harcourt"",""S. C. Masri"",""M. Colvin"",""G. Raveendran""}"
746,0,0,0,0,0,0,0,0,0,0,"{""S. M. Smith"",""A. D. Marinov"",""R. Hirsch"",""D. S. Bushnell"",""B. T. Campfield"",""H. C. Blair"",""Y. Chaly""}"
747,0,0,0,0,0,0,0,0,0,0,0
748,0,0,0,0,0,2165-8242,0,0,0,0,"{""T. Sentell"",""T. Usagawa"",""M. Hagiwara"",""T. Peacock"",""H. Hee Heo"",""M. G. Pearce"",""L. Choy"",""M. R. Dela Cruz""}"
749,0,0,0,0,0,0,0,0,0,0,"{""M Wabitsch"",""A Moss"",""D Kunze""}"
750,0,0,0,0,0,0,0,0,0,68-9 ST  - The cost of national service frameworks-,"{""R. CN  - PubMed DA  - Feb DP  - NLM ET  - 2004/03/05 Boyle""}"
751,0,0,0,0,0,0,0,0,0,98--100,0
752,0,0,0,0,0,0,0,0,0,0,"{""Linda M. Burton"",""Altman Bullard Burton Burton Burton Burton Burton Clark Conley Dilworth-Williams Fischer Foucault Franklin Gieryn Gilbert Goering Hooks Howard Kidder Lahiri Lawson Clark Lawson Clark Lawson Clark Low Massey Oliver Perkins Rosenbaum Rosenbaum Sanders Stack Allan"",""Sherri Lawson Clark""}"
753,0,0,0,0,0,2049-9434,0,0,0,0,"{""Yan-Yan Li"",""Yun Qian"",""Chuan-Wei Zhou""}"
754,0,0,0,0,0,0546-1766 (Print) 0546-1766,0,0,0,1017-28,0
755,0,0,0,0,0,1079-2082 (Print) 1079-2082,0,0,0,0,"{""S. B. Levy"",""A. O. Shogbon""}"
756,0,0,0,0,0,0,0,0,0,0,0
757,0,0,0,0,0,0,0,0,0,0,0
758,0,0,0,0,0,0029-6570 (Print) 0029-6570,0,0,0,"48-57; quiz 58, 60",0
759,0,0,0,0,0,0,0,0,0,0,"{""Dilokthornsakul P."",""Joo M.J."",""Lee T.A."",""Pickard A.S."",""Lin F.J.""}"
760,0,0,0,0,0,0,0,0,0,0,0
761,0,0,0,0,0,0,0,0,0,0,0
762,0,0,0,0,0,0,0,0,0,0,0
763,0,0,0,0,0,0,0,0,0,0,0
764,0,0,0,0,0,0,0,0,0,0,"{""[Collective Name] CARE Group"",""Joel J Gagnier"",""David Moher"",""Douglas G Altman"",""Gunver Kienle"",""David Riley"",""Harold Sox""}"
765,0,0,0,0,0,1098-240X,0,0,0,0,0
766,0,0,0,0,0,0,0,0,0,0,0
767,0,0,0,0,0,0,0,0,0,0,0
768,0,0,0,0,0,0,0,0,0,0,0
769,0,0,0,0,PloS one,0,0,0,0,e112077,0
770,0,0,0,0,0,0,0,0,0,0,0
771,0,0,0,0,0,0,0,0,0,0,0
772,0,0,0,0,0,0,0,0,0,0,0
773,0,0,0,0,AIDS,0,0,0,11/13/12,0,"{""Chunhui Wang"",""Richard Hayes"",""Louise Kuhn"",""Stephen Shiboski"",""Jennifer S Smith"",""Natasha L Larke"",""Deborah Watson-Jones"",""Catherine F Houlihan"",""Patti E Gravitt"",""Karen K Smith-McCune""}"
774,0,0,0,0,0,0,0,0,0,0,0
775,0,0,0,0,0,0,0,0,0,0,0
776,0,0,0,0,0,0,0,0,0,15-Oct,0
777,0,0,0,0,0,0,0,0,0,0,0
778,0,0,English     Italian,0,0,0,0,0,0,0,0
779,0,0,0,0,0,0,0,0,0,0,0
780,0,0,0,0,0,0,0,0,0,0,0
781,0,0,0,0,0,1939-134X,0,0,0,0,"{""Scott O Lilienfeld"",""Keli Holloway Allen"",""Howard N Garb"",""Jessica L Wildermuth"",""M Teresa Nezworski"",""James M Wood""}"
782,0,0,0,0,0,0,0,0,0,0,0
783,0,0,0,0,0,0,0,0,0,0,0
784,0,0,0,0,0,0,0,0,0,0,0
785,0,0,0,0,0,0,0,0,0,-,0
786,0,0,0,0,0,0,0,0,0,0,0
787,0,0,0,0,0,0,0,0,0,0,0
788,0,0,0,0,0,1741-7015,0,0,0,0,0
789,0,0,0,0,0,0,0,0,0,0,0
790,0,0,0,0,0,0,0,0,0,0,0
791,0,0,0,0,0,0,0,0,0,0,"{""Rossana De Palma"",""Paolo Ortolani"",""Caterina Caminiti"",""Emilia Solinas"",""Piera Angelica Merlini"",""Diego Ardissino"",""Giorgia Paoli"",""Maria Francesca Notarangelo"",""Paolo Guastaroba"",""Antonio Marzocchi"",""Luigi Vignali"",""Roxana Mehran"",""Antonio Manari""}"
792,0,0,0,0,0,0034-9887,0,0,0,0,0
793,0,0,0,0,0,0,0,0,0,18-31 14p,0
794,0,0,0,0,0,0,0,0,0,0,0
795,0,0,0,0,0,0,0,0,0,0,0
796,0,0,0,0,0,0,0,0,0,0,0
797,0,0,0,0,0,0,0,0,0,0,0
798,0,0,0,0,0,0,0,0,0,0,0
799,0,0,0,0,0,0,0,0,0,0,0
800,0,0,0,0,0,0,0,0,0,0,0
801,0,0,0,0,0,0,0,0,0,0,0
802,0,0,0,0,0,0,0,0,0,0,0
803,0,0,0,0,0,0,0,0,0,0,0
804,0,0,0,0,0,0093-934X,0,0,0,0,0
805,0,0,0,0,0,0,0,0,0,0,0
806,0,0,0,0,0,0,0,0,0,0,0
807,0,0,0,0,0,0,0,0,0,0,0
808,0,0,0,0,0,0,0,0,0,0,0
809,0,0,0,Das Mikorklima der Wohnungen und seine hygienische Normierung.,0,0,0,0,0,0,0
810,0,0,0,0,0,0,0,0,0,0,0
811,0,0,0,0,0,0,0,0,0,0,0
812,0,0,0,0,0,0,0,0,0,0,"{""J. Saengsuwan"",""K. Sawanyawisuth"",""N. Ungtrakul"",""J. Saengsuwan""}"
813,0,0,0,0,0,0,0,0,0,0,0
814,0,Organization of ribosomes and nucleoids in escherichia coli cells during growth and in quiescence,0,0,0,0,0,0,0,0,0
815,0,0,0,0,0,0,0,0,0,0,0
816,0,0,0,0,0,0,0,0,0,0,0
817,0,0,0,0,0,0,0,0,0,66-76,0
818,0,0,0,0,0,0,0,0,0,127-31 ST  - Premature androgenic alopecia and insulin resistance. Male equivalent of polycystic ovary syndrome?-,"{""L. Starka"",""J. Vrbikova"",""M. DA  - Dec DP  - Nlm ET  - 2006/03/24 Hill"",""M. Duskova"",""I. Cermakova""}"
819,0,0,0,0,0,0,0,0,0,0,0
820,0,0,0,0,0,0,0,0,0,0,0
821,0,0,0,0,0,1930-739X,0,0,0,0,0
822,0,0,0,0,0,0,0,0,0,10-10 ST  - CSM2004 best platform-,0
823,0,0,0,JAMA internal medicine,0,0,0,0,0,0,0
824,0,0,0,0,0,0,0,0,0,0,0
825,0,0,0,0,0,0,0,0,0,0,0
826,0,Clinical effect observation of fule cream to cure dermatitis eczemal,0,0,0,0,0,0,0,65-68-,0
827,0,0,0,0,J Am Geriatr Soc,0,0,0,0,0,0
828,0,0,0,0,0,0,0,0,0,0,0
829,0,0,0,0,0,0,0,0,0,0,0
830,0,0,0,0,0,0,0,0,0,0,0
831,0,0,0,0,0,0,0,0,0,0,0
832,0,0,0,0,0,0,0,0,0,0,0
833,0,0,0,0,0,0,0,0,0,0,0
834,0,0,0,0,0,0,0,0,0,0,0
835,0,0,0,Clinical & Translational Oncology: Official Publication of the Federation of Spanish Oncology Societes & of the National Cancer Institute of Mexico,0,0,0,0,0,0,"{""Martinez-Indart L"",""Cacicedo J"",""del Hoyo"",""Gomez-Iturriaga A"",""Casquero F"",""Lopez J L"",""Bilbao P"",""O ""}"
836,0,0,0,0,0,0,0,0,0,0,0
837,0,0,0,0,0,0,0,0,0,0,0
838,0,0,0,0,0,0,0,0,0,0,0
839,0,0,0,0,0,0,0,0,0,693-6; discussion 697 ST  - Value of intravenous cholangiography prior to laparoscopic cholecystectomy-,0
840,0,0,0,0,0,0,0,0,0,0,0
841,0,0,0,The New England journal of medicine,0,0,0,0,0,0,0
842,0,0,0,0,0,1071-1007 (Print) 1071-1007,0,0,0,0,0
843,0,0,0,0,0,0,0,0,0,0,0
844,0,0,0,0,0,0,0,0,0,0,0
845,0,0,0,0,0,0,0,0,0,0,0
846,0,0,0,Int J Surg,0,0,0,0,0,0,0
847,0,0,0,0,0,0,0,0,0,0,0
848,0,0,0,0,0,Mar-67,0,0,0,0,0
849,0,0,0,0,0,0,0,0,0,0,0
850,0,0,0,0,0,0,0,0,0,0,0
851,0,0,0,0,0,0,0,0,0,0,0
852,0,0,0,0,0,0,0,0,0,0,0
853,0,0,0,0,0,0,0,0,0,0,0
854,0,0,0,0,Respiration,0,0,0,0,0,"{""A van Breda"",""M B von Bartheld"",""J T Annema""}"
855,0,0,0,0,0,0,0,0,0,0,"{""S. A. Brown"",""F. B. Garry""}"
856,0,0,0,0,0,0,0,0,0,0,0
857,0,0,0,0,0,0,0,0,0,0,0
858,0,0,0,0,0,0,0,0,0,0,0
859,0,0,0,0,0,0,0,0,0,0,0
860,0,0,0,0,0,0,0,0,0,0,0
861,0,0,0,0,0,1601-0825,0,0,0,0,0
862,0,0,0,0,0,0,0,0,0,0,0
863,0,0,0,0,0,0,0,0,0,0,0
864,0,0,0,0,0,0,0,0,0,0,0
865,0,0,0,0,0,0,0,0,0,0,0
866,0,0,0,0,0,0,0,0,0,0,0
867,0,0,0,0,0,0,0,0,0,0,0
868,0,0,0,0,0,0,0,0,0,0,0
869,0,0,0,0,0,0,0,0,0,58-68 ST  - Exercise-induced changes of the upper extremity in chronic stroke survivors-,"{""P. Kluding"",""S. A. DA  - Winter DO  - 10.1310/let5-xnby-98q6-q8tg DP  - NLM ET  - 2005/03/01 Billinger""}"
870,0,0,0,0,0,0,0,0,0,0,0
871,0,0,0,Bmj Open,0,0,0,0,0,0,0
872,0,0,0,0,0,0140-525X,0,0,0,371-80; discussion 435-513,0
873,0,0,0,0,0,0,0,0,0,Cd001799,0
874,0,0,0,0,0,1432-0711,0,0,0,0,0
875,0,0,0,0,0,0,0,0,0,643-50 ST  - Cost-utility analysis of osteopathy in primary care: results from a pragmatic randomized controlled trial-,0
876,0,0,0,0,0,0,0,0,0,138-52 ST  - The cost of depression-complicated alcoholism: health-care utilization and treatment effectiveness-,0
877,0,0,0,0,0,0,0,0,0,0,0
878,0,0,0,0,0,0,0,0,0,0,0
879,0,0,0,Academic Medicine: Journal Of The Association Of American Medical Colleges,0,0,0,0,0,0,0
880,0,0,0,0,0,0,0,0,0,0,0
881,0,0,0,0,0,0,0,0,0,0,0
882,0,0,0,0,0,1478-7547 (electronic),0,0,0,0,0
883,0,0,0,0,0,0,0,0,0,0,0
884,0,0,0,0,0,0,0,0,0,0,0
885,0,0,0,0,0,0,0,0,0,0,0
886,0,0,0,0,0,0,0,0,0,0,0
887,0,0,0,0,0,0,0,0,0,0,0
888,0,0,0,0,PloS one,0,0,0,0,0,0
889,0,0,English; ABSTRACT LANGUAGE:English,0,0,0,0,0,0,0,0
890,0,0,0,0,0,0,0,0,0,0,0
891,0,0,0,0,0,0,0,0,0,0,0
892,0,0,0,0,0,0,0,0,0,63-71 ST  - Polycystic ovary syndrome (PCOS) and other androgen excess-related conditions: can changes in dietary intake make a difference?-,0
893,0,0,0,0,0,0,0,0,0,0,0
894,0,0,0,0,0,0,0,0,0,34-41 ST  - Shedding health risks with bariatric weight loss surgery-,0
895,0,0,0,0,0,1353-3452 (Print)     1353-3452,0,0,0,0,0
896,0,0,0,0,0,0,0,0,0,0,0
897,0,0,0,0,0,0,0,0,0,"1347-53 ST  - Significantly higher adrenocorticotropin-stimulated cortisol and 17-hydroxyprogesterone levels in 337 consecutive, premenopausal, caucasian, hirsute patients compared with healthy controls-",0
898,0,0,0,0,0,0,0,0,0,0,0
899,0,0,0,0,0,0,0,0,0,0,0
900,0,0,0,0,0,0,0,0,0,0,0
901,0,0,0,0,0,0,0,0,0,0,0
902,0,0,0,0,0,0,0,0,0,0,0
903,0,0,0,0,0,0,0,0,0,0,0
904,0,0,0,0,0,1931-3543,0,0,0,0,0
905,0,0,0,0,0,0,0,0,0,0,0
906,0,0,0,0,0,978-1-2673-2110-7,0,0,0,0,0
907,0,0,0,0,0,0,0,0,0,0,0
908,0,0,0,0,0,1053881X (ISSN),0,0,0,0,0
909,0,0,0,0,0,0,0,0,0,0,0
910,0,0,0,0,0,0,0,0,0,0,0
911,0,0,0,0,0,0,0,0,0,e1001835; discussion e1001835-e1001835; discussion e1001835,0
912,0,0,0,0,0,"0361-6843, Print 1471-6402, Electronic",0,0,0,244-233,0
913,0,0,0,0,0,0,0,0,0,0,0
914,0,0,0,0,0,0,0,0,0,0,0
915,0,0,0,0,0,0,0,0,0,0,0
916,0,0,0,0,0,0,0,0,1/1/98,0,0
917,0,0,0,0,0,0,0,0,0,0,0
918,0,0,0,0,0,0,0,0,0,0,"{""M P Reilly"",""S Kuchi"",""G Furness""}"
919,0,0,0,0,0,0,0,0,0,0,0
920,0,0,0,0,0,0,0,0,0,0,0
921,0,0,0,0,0,0,0,0,0,0,0
922,0,0,0,0,0,0,0,0,0,P435,0
923,0,0,0,0,0,0,0,0,0,0,0
924,0,0,0,0,0,0,0,0,0,0,0
925,0,0,0,0,0,0,0,0,0,0,0
926,0,0,0,0,0,"1466-187X, Electronic 0142-159X, Print",0,0,0,0,0
927,0,0,0,0,0,0,0,0,0,0,0
928,0,0,0,0,0,0,0,0,0,0,0
929,0,0,0,0,0,0,0,0,0,e7,0
930,0,0,0,0,0,0,0,0,0,0,0
931,0,0,0,0,0,0,0,0,0,0,0
932,0,0,0,0,0,0,0,0,0,0,0
933,0,0,0,0,0,0,0,0,0,0,0
934,0,0,0,0,0,0,0,0,0,0,0
935,0,0,0,0,0,0,0,0,0,0,0
936,0,0,0,0,0,1062-3264 (Print)     1062-3264,0,0,0,0,0
937,0,0,0,0,0,0,0,0,0,0,0
938,0,0,0,0,0,0,0,0,0,0,0
939,0,0,0,0,0,0,0,0,0,0,0
940,0,0,0,0,0,0,0,0,0,0,0
941,0,0,0,0,0,0,0,0,0,S25-7,0
942,0,0,0,0,0,-5990,0,0,0,0,0
943,0,0,0,0,0,0,0,0,0,0,0
944,0,0,0,0,0,0,0,0,0,0,0
945,0,0,0,0,0,0,0,0,0,0,0
946,0,0,0,0,0,0,0,0,0,0,0
947,0,Inhibition of dxpression of VEGF in tumor cells by RNAi. [Chinese],0,0,0,0,0,0,0,0,0
948,0,0,0,0,0,0,0,0,0,0,0
949,0,0,0,0,0,0,0,0,0,0,0
950,0,0,0,PloS one,0,0,0,0,0,e109114,0
951,0,0,0,0,0,0,0,0,0,0,0
952,0,0,0,0,0,0,0,0,0,0,0
953,0,0,0,0,0,0,0,0,0,0,0
954,0,0,0,0,0,0,0,0,0,0,0
955,0,0,0,0,0,0,0,0,0,0,0
956,0,0,0,0,0,0,0,0,0,0,0
957,0,0,0,0,0,0,0,0,0,0,0
958,0,0,0,0,0,0,0,0,0,0,0
959,0,0,0,0,0,0,0,0,0,0,0
960,0,0,0,0,0,0,0,0,0,0,0
961,0,0,0,0,0,0,0,0,0,0,"{""Won Ki Min"",""Soon Bae Kim"",""Su Hee Kim"",""Jai Won Chang"",""Hyun Sook Chi"",""Eun Kyoung Lee""}"
962,0,0,0,0,0,0966-6362 DO  - http://dx.doi.org/10.1016/j.gaitpost.2010.04.002,0,0,0,iii-vii,0
963,0,0,0,0,0,0,0,0,0,0,"{""H. O. Lobel"",""P. E. Kozarsky""}"
964,0,0,0,0,0,0,0,0,0,0,"{""Taylor MJ Arsalidou M, Pascual-Leone J, Johnson J, Morris D""}"
965,0,0,0,0,0,0,0,0,0,0,"{""David Binns"",""Robert E Ware"",""Damian E Myers"",""Marie-Claude Gregoire"",""Eddie W Lau"",""Lucy Vivash"",""Terence J O'Brien"",""Viviane Bouilleret"",""Mark J Cook"",""Rodney J Hicks"",""Peter Roselt""}"
966,0,0,0,Laryngo- rhino- otologie,Laryngorhinootologie,0,0,0,0,0,"{""B Kramp"",""J Ostwald"",""S Dommerich"",""Claudia Nischan""}"
967,0,0,0,0,0,0,0,0,0,0,"{""Montserrat Bacardi-Gascon"",""Arturo Jimenez-Cruz"",""Lidia M. Castaneda-Gonzalez""}"
968,0,0,0,0,0,0,0,0,0,0,"{""P Czernichow"",""K Albertsson-Wikland"",""R Gunnarsson"",""T Tuvemo""}"
969,0,0,0,0,0,0,0,0,0,0,"{""J.P. Toombs"",""M.S. Bauer"",""W.R. Widmer"",""A.R. Blight""}"
970,0,0,0,0,0,0,0,0,0,0,"{""M. Sinaki""}"
971,0,0,0,0,0,0,0,0,0,0,"{""S. Kita"",""J. R. McIntosh"",""M. Osumi"",""T. Kamasaki"",""G. Goshima"",""E. O'Toole"",""J. Usukura""}"
972,0,0,0,0,0,0,0,0,0,11-Sep,"{""Charles Hennekens""}"
973,0,0,0,0,0,0,0,0,0,0,"{""Chunlin Liu"",""Wen-Hui Shen"",""Ying Ruan"",""Dong-Hong Chen"",""Yong Huang""}"
974,0,0,0,0,0,0,0,0,0,0,"{""Catherine Mays"",""Rajesh Ramanathan"",""Dale Harvey"",""Gregory Stockslager"",""Therese M Duane"",""Patricia Leavell""}"
975,0,0,0,0,0,0,0,0,0,0,0
976,0,0,0,0,0,0,0,0,0,0,0
977,0,0,0,0,0,0,0,0,0,iii35-44,"{""Matthew S Dryden""}"
978,0,0,0,0,0,0,0,0,0,0,"{""A. Amemiya"",""C. R. Dolan"",""H. H. Ardinger"",""C. T. Fong"",""S. E. Wallace"",""T. D. Bird"",""K. Stephens"",""R. J. H. Smith"",""M. P. Adam"",""E. C. Delot"",""L. J. H. Bean"",""E. J. Vilain"",""R. A. Pagon""}"
979,0,0,0,0,0,0,0,0,0,0,0
980,0,<title>SPECCHIO: a free spectral data management and processing system</title>,0,0,0,0,0,0,0,74570A-74570A-9,"{""A. Hueni"",""Paul E. Kneubuehler, M.     ED  - Shen, Sylvia S.     ED  - Lewis""}"
981,0,0,0,0,Clinical obstetrics and gynecology,0009-9201 (Print) 0009-9201,0,0,0,0,"{""D. W. Branch""}"
982,0,0,0,0,International journal of epidemiology,0300-5771 (Print) 0300-5771,0,0,0,i48-55,"{""A. M. Navar"",""N. A. Halsey"",""C. R. Sudfeld""}"
983,0,0,0,0,0,Feb-65,0,0,0,0,"{""Z Hofman"",""L H Nelissen"",""M A Vermeeren"",""A van Lier"",""E F Wouters"",""A M Schols""}"
984,0,0,0,0,0,0,0,0,0,S331-,"{""A. Filipovich"",""M. Jordan"",""S. Davies"",""R. Marsh"",""P. Khandelwal"",""M. Grimley"",""S. Chandra"",""A. Kumar"",""S. Jodele"",""P.A. Mehta"",""K. Myers"",""J. Bleesing""}"
985,0,0,0,0,0,0,0,0,0,728-730-,"{""Hawkey C."",""Gorbutt N."",""Guiblin H."",""Kong A."",""Beattie A."",""Curran J."",""Kamath B.""}"
986,0,0,0,0,0,0,0,0,0,0,"{""M. Brandon"",""M. J. Dowzicky""}"
987,0,0,0,0,Journal of human hypertension,0,0,0,0,0,"{""C. Gruppi"",""C. Medeiros"",""C. D. Frimm"",""M. Curi"",""E. Krieger"",""B. Trezza""}"
988,0,0,0,0,0,0,0,0,0,0,"{""A. H. Samarkandi""}"
989,0,0,0,0,0,0,0,0,0,0,"{""Kentaro Chino"",""Hideyuki Takahashi"",""Ryota Akagi"",""Michiko Dohi""}"
990,0,Energy and fat intakes of children and adolescents in the united states: data from the national health and nutrition examination surveys,0,0,0,Feb-65,0,0,0,1343S-1353S,"{""R. P. Troiano"",""M. D. Carroll"",""R. R. Briefel"",""K. Bialostosky""}"
991,0,0,0,0,0,0,0,0,0,0,"{""[Collective Name] American Thoracic Society Respiratory Impairment and Disability Evaluation Group"",""Philip Harber"",""Margaret C Haggerty"",""Christopher G Slatore""}"
992,0,0,0,0,0,0,0,0,0,0,"{""Xuejun Chen"",""Yang Zhang"",""Zufei Li"",""Qi Zhong"",""Weiguo Zhou"",""Xiaohong Chen"",""Zhigang Huang"",""Jugao Fang""}"
993,0,0,0,0,0,0,0,0,0,0,"{""Danielle Duggan"",""J. Mark G. Williams"",""Isabelle Rudolf von Rohr"",""Catherine Crane"",""Adele Krusche"",""Kate Muse""}"
994,0,0,0,0,0,0,0,0,0,0,"{""John F Fraser"",""Kelvin L Choo"",""Roy M Kimble""}"
995,0,0,0,0,0,0,0,0,0,0,"{""S. L. Lee"",""G. K. Sluis-Cremer"",""P. A. Hessel""}"
996,0,0,0,0,0,0,0,0,0,0,"{""E. V. Kumpyak"",""V. N. Kiselev"",""A. V. Kharlov"",""V. V. Chupin"",""A. V. Morozov"",""B. M. Kovalchuk"",""V. B. Zorin""}"
997,0,0,0,0,0,2154-4212,0,0,0,0,"{""Katharine O'Dell"",""Padma Kandadai"",""Jyot Saini""}"
998,0,0,0,0,0,-4473,0,0,0,0,"{""M. Heuer"",""S. Radunz"",""A. Paul"",""G. C. Sotiropoulos"",""Z. Mathe"",""T. Trarbach"",""H. A. Baba""}"
999,0,0,0,0,0,0,0,0,0,0,"{""S. Iannazzo"",""M. Miravitlles"",""L. Pradelli"",""O. Zaniolo""}"
